ID,Yield
ID_F9XXEXN2ADR2,613.5427111587193
ID_SO3VW2X4QO93,430.26017607052677
ID_UKUQ7JM8E894,443.5277535899241
ID_QUISMWEZR2H4,311.9832774267657
ID_25JGI455VKCZ,545.276214829601
ID_KQEAOXF3RPV6,318.37497825647864
ID_FSNZCPW9HTD2,817.4832200061385
ID_U2TOPOA0T40S,308.3620778618994
ID_XVQLSUKOT04J,1161.9241229696702
ID_EAZAU6IW58PK,166.01078662197682
ID_WI17R25TC2VU,357.5828914414658
ID_OPR9MJWG40U7,1540.2742321968956
ID_P9K9GAHC6FX6,597.3515496324438
ID_SCAOUCCTJ75Z,35.66272873899075
ID_MUP1OS8GZR5E,765.0942484011273
ID_WVBSZ9VBC9HE,663.7256404730455
ID_9MGH1WIKFBNB,420.1030353828722
ID_3M2O3EPOM18C,2099.9195506154792
ID_K9MOR4N1FWIB,653.8725744747412
ID_VJPUPMSQARO5,1288.3534590486254
ID_7WIMK3DXIU3Q,1139.5895135009223
ID_6QXVH0EUS60J,1215.127949096823
ID_CA9GH6Q53A1Q,222.59994965408197
ID_94KO4EQ6TA3S,252.5068052200785
ID_2WH3AXUWRS2A,237.04670729644906
ID_LBS8TBC6QEF1,334.66004028117504
ID_Y3YARETW8RAP,1319.4827563781573
ID_BY9JJAIKBRGP,471.32672741788826
ID_0U5AM482W1DE,412.11657888382604
ID_G0I28ORJC3OP,418.6008076077783
ID_Q34ED4EMSA3R,623.3071644443216
ID_LN3LXEG984XM,508.53554168316725
ID_0JTIPPYRJND0,779.1629726425426
ID_2MRD9I2X8UXB,200.45304220870435
ID_KH1FHLUW2T4X,256.59853332630837
ID_RFM5MWSIU1JX,346.6009190150844
ID_IAH2UTMDVU8F,232.65079056190913
ID_9SNP46T1GSJI,799.6623493569982
ID_DSQ9ISYFW4DB,471.0703148612798
ID_B8XYLC3NM6XD,177.96183793323962
ID_HOG9LK4CTN8K,430.1221805897344
ID_L3RTRS1QIY6D,261.83517416775055
ID_03QW4RBYQEBK,398.8785794820462
ID_ZJSYN3ZHXK5K,799.6003987972498
ID_UPRM76SZ7IJJ,736.9713390705565
ID_YB866N9RY5TU,553.4527559950498
ID_4H0KNHPKF9BK,199.26523496314726
ID_TOIT03A3WTTD,325.44248282795525
ID_4P7NKCB6LMJ5,20.113414670981655
ID_1TIMGZJLRLWF,619.702026698635
ID_25E6065LQDON,699.110639143993
ID_SOB9B3H12POE,888.4747151036366
ID_A8RF0GQGJF5H,907.1867921246901
ID_GT36LGF8SM8K,561.9200227294166
ID_E9OHGDA3U6DG,391.34737265846513
ID_HXWHLMRE99CE,1383.1175282195395
ID_3VL9DLFRG5A3,318.227597930769
ID_OKPI3DR2ZQPJ,295.35828960547616
ID_XZO6ECCAOC94,940.3408026696866
ID_4X2UWYR6RIE2,869.0757037617476
ID_1LVAHN6PZYBS,543.7090188209289
ID_HRAJFKTPCNWQ,2178.46273323412
ID_TK4H5NRKHOE8,346.399129057562
ID_9U0UBT1J8152,314.95869465931213
ID_3EUKVYT37JOP,246.1340847680302
ID_1499QWPPW755,498.77197200145406
ID_ULWP3J0G860C,382.10833802979863
ID_51FSB3P7RO7F,560.9906471151824
ID_FHMVP6OM4GDX,1828.126948740878
ID_2OICAUFVUF5S,219.97577858707965
ID_ZGCFHIHAIC5U,417.2036487755824
ID_SR592R346POT,1220.2233799155567
ID_IW7UUDAW8LI0,410.3942171612077
ID_UNWZCF6L3JHJ,423.6328237176726
ID_Z4FXX0BNPHCO,479.8663608028369
ID_T18YB26T1R72,398.37144671690316
ID_LXZWOINVI194,624.5776936301826
ID_QNQJS14C9JJR,1566.2835302156504
ID_NTPIQUV3J2G6,844.5761981539936
ID_PVQOEEDTISZ0,22.02730968702146
ID_PNB65ASGG3U5,316.83187790827265
ID_KWPXATBZDX9T,498.02816651736595
ID_0G0F9TOR4IMI,1454.9904700865436
ID_FVLMABW5Y6X2,1061.7385332037516
ID_O2PL38IY50T5,376.77860778455806
ID_CNG8Z00FPPMP,727.6233632248824
ID_641DSHBH8JAF,980.1760935422351
ID_Y14QXUKOFJ4H,323.398057933774
ID_DRP3WZV4BNIE,506.61643298348974
ID_TMXV7UW39T80,222.74311679234606
ID_0L8O49SS6MQM,507.91771510901975
ID_UGTG0XQELY2U,420.17090300829
ID_0YZYA9AXL9Z2,313.5202950298623
ID_KNOK4V0IWVUO,173.12808548737613
ID_YX4DF17Z25RV,411.3028575856537
ID_2YAZXP3AEDVO,314.8126032289311
ID_YNACZPCVVI09,1748.2907663961964
ID_75GYXJW1DYGX,319.14349304171134
ID_YRCMJRFRTU2K,445.0200485971677
ID_1L4WBTHTDQMP,502.35672560159577
ID_RO0XF0TFLRG6,649.9023299681469
ID_NJ7G0SAVDN1Q,315.6050303674807
ID_UFPM6MLG1BJK,-1.000726687626411
ID_ULY51B6WQ9FV,799.2917618601383
ID_CR6L4TL2VEEM,233.77446559329206
ID_4YRSPS7X1V7Q,399.76379302511356
ID_ILQ5YE78E0SD,225.57819209731156
ID_WDNXY8YRA10N,394.3280100475596
ID_WYK6LRWQ21ML,310.2340756877895
ID_EBA4QUGDXB5I,1202.844451894817
ID_2WCWAKQKRA74,619.2466243306753
ID_FTSIEXKUER9Y,314.44866285311554
ID_64BCOW7PEP3E,91.05695831585037
ID_0N5TFB55JBOB,712.7559020811824
ID_9AE1OJ45UFJ3,554.0802425606968
ID_NJWAR6L7X4Q6,757.5213979572804
ID_W8U6J9PKGGGI,390.20994639282696
ID_WJUUIJMPNLHW,402.9441213272776
ID_S7F4L5OW7OKD,1131.0451466504992
ID_Y0OX05BLLQPI,202.99992984809992
ID_XJ7ULGKCALNF,589.2526057370449
ID_8NU1PZBDI5C7,1173.5675999979721
ID_CPPN31R20CBA,594.3013980017981
ID_D20Z6VEJBE6K,11.659393704468252
ID_N6RSTF2IR5GL,579.3876866762296
ID_DJBLGDPMS85M,-0.22068688323820007
ID_34J19EEKSSHY,868.0655191335252
ID_P8MQS1ERUQ9F,232.28735591769413
ID_U07HHH2EG6K1,838.2707918151337
ID_IKAOSO0CFKYZ,187.74108737691967
ID_NHQ2WMFGNBS1,319.5030152550516
ID_FRJ3P7XDG7OV,592.2158662778884
ID_5N0W8ZFFAIQX,424.8484020812711
ID_OFSHZ2KZ1LQ4,1.6308695607869221
ID_A6C1G6XUATUE,14.333981789628442
ID_N99MP1180BJ5,239.80864448613525
ID_D5F8SLVPMZKE,170.42974269168712
ID_49QTISSSNQ0M,585.0124537768368
ID_S1WHDBHNKLYO,328.7084024736969
ID_9YE4VBW3W1WJ,379.4595546337215
ID_7SWZRG2B52YI,338.78950194437493
ID_41XNQZ8M4QXH,356.88979574327067
ID_SIB0PJZQMRBO,316.4540365813123
ID_M47IW492SXOP,162.0440449845312
ID_MTUJW5V02DWQ,799.0577162544432
ID_Y108HSDX00WC,941.8686973819151
ID_QRD8JCO8QWCF,100.03874307330757
ID_RIP1ZN0ST7I3,26.58750596142793
ID_BPS356NV28J7,1183.151130075477
ID_0KANA1KYEQKW,105.23942047041905
ID_80MMCWDS27VC,776.9479414477513
ID_CH1WWOXBV7L8,317.7562057398871
ID_PM7YZSDTN1OI,710.7662166445715
ID_FR4XH94DJW50,562.6580948524199
ID_D1IDORABBOBP,507.82442106925873
ID_0BE8BMWG3A68,512.1352918681421
ID_RY2QD5TLB4US,402.0205336851035
ID_S8D99RRNCOMC,1357.9633047859734
ID_YZLW773BTIA3,356.39487736921143
ID_FL8VHWG97QTI,465.19683828347326
ID_JVLT86OR9T15,657.1729352404511
ID_NBSTAXAZ24X0,1062.1093582093097
ID_43VRMQQ5E60F,322.58785888097526
ID_HI4ACMU7M13J,418.05221025093346
ID_UI96L3AE8YXY,598.2701916439526
ID_UXRI6OXKF50S,913.2837911344908
ID_FW06NS2YA7QW,404.0964618749856
ID_RA5OO0JVNOUF,399.1554076009403
ID_EVGU94YQTZWM,156.05254389817722
ID_GHANLFEJN9UW,170.3997162462497
ID_HXBFX8X2DD7B,831.8240851671591
ID_KUNLQSF5FM19,617.7814942399325
ID_7XXH76413XNT,603.3579859091933
ID_D58TIQKQLU7Q,403.58136791880787
ID_W5CLRPVGFRKH,405.9942585322418
ID_A3Y0OIB0BE59,399.29084250791595
ID_C74NLELOCNTS,1873.9189741546913
ID_2FIGN89QV44C,215.85026342539828
ID_QN4PJSV2CGSJ,310.56178137191085
ID_V5W6AZBTURWA,402.27738914321776
ID_L6E0GOTVHSCD,633.8247921795122
ID_Q95BUWXK8RM3,145.27918614355505
ID_5TLXCFLTYF1F,419.93018308881966
ID_GLBHSYJG9S5B,1232.2069777219294
ID_3X3YHRC7IIN9,583.3769994460235
ID_5H724YS64665,957.5625489008329
ID_U4Z5RN88FCZM,627.0178272180156
ID_05TGZGOMI6MF,373.1659293772019
ID_0GCZV8RUSZK6,400.97589625731496
ID_UV06K1FM1SB5,479.72730996392505
ID_RCJZ3PORBWFV,33.403253119615094
ID_W1NL5CU9VHQS,418.83927076365757
ID_2WIYFQHMJPYD,789.6472158358638
ID_BFFULEU6PVQ9,99.29864252443122
ID_JN31K11BXQ0E,317.933831854951
ID_DS40FHVR9R7F,312.089692639724
ID_DNOT9DTVZ6MQ,771.4815740990305
ID_Z58PO8MMX8YV,803.2019338234127
ID_NEYMBJKFHN1X,477.7620185118102
ID_RND7MNSA6LWV,296.7466590371909
ID_U407VXC7F9NZ,318.2727330550422
ID_ES753BBA75GB,155.142780635511
ID_APRL4BTWWRW9,322.427748632632
ID_S909ZPBZ39II,258.2408365811643
ID_YYFP9SWEV0U5,1130.8836288202363
ID_25EBTESPBHGZ,664.0834870924657
ID_W0W8TG7XRWE3,198.1081906620935
ID_0FU2BPIOTMVD,725.5989028613031
ID_OF817VW3STNX,481.1044075187668
ID_7QATIJ9YSL1K,1735.1609738261593
ID_LBPW7URC7BBW,475.6798862245778
ID_7WYQ81JCM9V3,169.96952574628315
ID_JGSVOGVN6522,579.1884625009958
ID_TOUB2GY1ZHXT,682.0696570478395
ID_9AJCTSUQG7FZ,540.0091974967455
ID_VKOZPEUVSDI8,647.300361061538
ID_UG5GQ68S58OW,523.1160908352441
ID_4RB8XK2ZB1IR,817.806468951489
ID_Z3P4T6K6P2ED,196.18835213046322
ID_VUGTKX63R5P0,406.42748412122927
ID_XMF3Q64FMLBK,490.04412111350234
ID_DTWCZ9G9C8WD,964.0676361607557
ID_0MNYHJUPIOIT,198.92280461788624
ID_ZGAL960JTO3R,395.86743569506234
ID_PK835TJNER3I,695.0817804791903
ID_KVGPYMSHB2WJ,323.7923863431425
ID_OWIQYP0I1HGW,1250.2518584372758
ID_7RS2XDILJLBL,439.33784863411876
ID_EDCLK08NMF0N,403.4448164496483
ID_97Y87C3ANP5B,313.33109100570476
ID_D3SKVOTTB4KQ,244.8366302448851
ID_APFVFYM11UU0,1675.9754090436797
ID_TAIVU9LHBYZ8,564.8399849446402
ID_NTR94XDRQIHZ,183.31707045480243
ID_8QCOFS2HXOJQ,427.14647236328705
ID_7ZZVZZH08UWF,374.57145347913485
ID_9NGVV4V11YU2,381.44394415105717
ID_5G8RKC18KLXV,395.17924334485764
ID_BSVRMHEKDQKD,446.41971761185624
ID_6Z12209FUIAT,737.981516645882
ID_IRBHYP3G7UXU,314.8676507409415
ID_9PH4KNPDDVWS,766.6578474402965
ID_S4G0N1TJEDUG,353.84754962902133
ID_OP7NSDQGR6AE,32.08862567756635
ID_32RIU94UJDHI,1658.8447681573512
ID_85WKQYHE0W5H,804.0499664310202
ID_2T4I23J42NUP,400.16740230173184
ID_LOJZM912S2TH,431.33589283490863
ID_FQAR45VD4PQ5,719.6572297425025
ID_RA4Y3ZL70BWO,1111.2588876082443
ID_UH3QT7I1O24Q,158.4905020120943
ID_P9OZQ56CX2YO,490.75953854158166
ID_RB24VMV9FIGM,406.7618849993856
ID_XECRIM8DR00Z,1165.9505320957742
ID_EYIQ79MA3T5E,782.0575216132265
ID_B0QBM2S1R9S7,206.00128088079416
ID_1L74BG9P0TKX,778.8792466974354
ID_141KG0TOOCJ6,751.8692532846247
ID_IMKLSNJKVI4P,293.13248804859245
ID_253P6J7D92PW,405.8657221803704
ID_PCC17RCZX06S,315.82841456535976
ID_7MUPVDZE1ZWB,1344.3296739694629
ID_O994OZU1NP7E,624.7690643613489
ID_RFVKSMVILY31,523.7500398353807
ID_MTR7TTJ5LSBE,174.45469032407507
ID_87QM8DS5HSU7,1251.9667512218628
ID_8KXPBLV53NZK,581.8725890710804
ID_LQVS4LC3YRMB,538.8242384825479
ID_ISVACTKT5MAA,393.7522314767041
ID_C64B9DUNSCM1,200.31536325958604
ID_ZXAE37OWUMFI,410.1965312615563
ID_L7Y4MKY66OSL,604.1561208717222
ID_TZ1FUOUR0Y8X,1056.5446187682712
ID_D7HMR45HU1ZW,430.09215867861957
ID_UCZXI2H7S2YD,224.2765096374021
ID_7TU75PUQP312,1811.1946422154397
ID_4ULCEP364DAF,545.630946554661
ID_8EOY07K5LOC4,326.1068547064981
ID_NK47MAUWJ8Z5,168.16544252102386
ID_8ZCGIWU6GZLO,307.7792276705535
ID_SNIWSZ237UOD,300.2592566133596
ID_7LDSCZ2OPT0K,474.1516455744427
ID_TK2TH4JSJ1KB,151.31401938425788
ID_UUXFZKSR58SC,286.6648799278599
ID_EVACECC6XIW9,1756.6398053648807
ID_U2LSES0Y4I3C,1516.2090690695447
ID_NEGU2TDNC4Y0,126.25574877250862
ID_WCBHSOBP51H1,228.9849798529451
ID_SVRQ4NGZFMMP,926.9397415819757
ID_5TBBUKHYJ1KI,656.0889414416386
ID_4AOR8R30LNOD,433.47335108714776
ID_5XOUKBLNO7AC,481.6058631992004
ID_IQZTM1J018FS,738.5309018914423
ID_Q9VXX3O6IZOD,250.37292300737798
ID_HTEQD0S6QIB8,310.484168590816
ID_0GFT8KE7O9RP,776.4835547732307
ID_SHFI8L6O4DQ3,769.9878869205268
ID_64MUBP88ECF6,415.84420730686304
ID_EHYBYH7QLOSL,189.89601425124224
ID_GTGEI6PS93QJ,982.3599232801491
ID_TL9C9OJ8G68U,221.5847932653206
ID_SM1GWL52K1F8,353.16602729233887
ID_DZW8R8ONEU66,498.65113216065754
ID_HBDA4P8811S8,646.5800282311278
ID_CJQOTSL074N8,645.4437722087412
ID_KZ0X60V9XQIG,1795.8427231334265
ID_0TWFZTV06NYT,619.8018493229735
ID_PVJN35A46C0K,466.13261465258563
ID_D732BOTXBLSI,398.36430710398207
ID_342GB00NU2X8,183.3910965549069
ID_AQUL5HCLWJPM,1108.1860506733806
ID_VU3938I1G9Z0,761.1752859008839
ID_Y2ZY2HDPU6PE,393.26000052795973
ID_SJD77GLF5ZFJ,493.8103745446276
ID_3T35R9QJBF2M,397.7480875072601
ID_NQUTMXXK59YN,605.2631533953743
ID_SV7AFMBC72LB,139.7637875421862
ID_PAPK30H37SIW,880.2982528225516
ID_URRQOVPPCBQ4,207.2361777820952
ID_CQPXYYK4KGB7,325.7980288721846
ID_RJIJXF4OS4RL,8.891980367571518
ID_APUXW8HC4K6B,1308.3822205217139
ID_61Q9C9GGPHDI,1114.1207908034125
ID_ZWZRMNC7OOCV,251.87613095973782
ID_IYKX7HR08L6A,0.5559070989463842
ID_AIG281L5ZHU8,224.54113442500807
ID_NHUOZPKIO0BR,402.0971103006446
ID_LLYN4K7KIT4R,472.9453277295236
ID_0TSE5OLEV8WK,460.4228925795682
ID_H992DU9HM8DQ,318.48331289860425
ID_UK0CBXPBQ5RY,1216.9273354357128
ID_RDPY3EBXFJ5O,850.6918312302058
ID_5L97TY473GY5,1254.4124238447464
ID_5B1X9MC1IFX0,405.8711506382528
ID_ECWVAC40SNWB,835.5141261692396
ID_OE87AT5TAUEI,2036.9876823832178
ID_XR12GEBM8H2K,1314.001802669117
ID_LJ2AP4BNL25Y,442.5963744703317
ID_LH311ABG9XDL,321.72856348346335
ID_HXONOBB4HD6T,1987.1179773432202
ID_7AOOKABBB6N8,1331.2411247661182
ID_Z17C9TLMF1MJ,195.33583399264728
ID_3PUBL95YQ1AF,800.9100905289661
ID_3RUIBILNO5TH,25.866601455760595
ID_9VMYZE08M98X,787.0717853508896
ID_6SDJYMNC1T2Z,126.38231170321085
ID_61DT371A8JKT,323.643360413825
ID_R51LYLFQUFIL,654.4230133617306
ID_MJYLQ159US1Y,881.2244939084338
ID_QQHLY17D6RBD,1176.3886929400396
ID_Y84JBGTU3NGV,639.4503864381303
ID_V8BHOZICY6IF,362.8556923306946
ID_DZ1R5TGC156F,632.9376898515578
ID_UQTR8CQ5LH50,1508.1889114865655
ID_CK56LDNW1478,802.307539844307
ID_QJGUBXWDDCRS,690.0794889106197
ID_H7YHR5OTSNS5,164.21275544888124
ID_8FRJCZZGLIRC,732.7398980799945
ID_U29DLWFB48GG,301.63529464014687
ID_W3OHI7MAVC24,117.62631554329383
ID_1ZY88AN5LZD4,363.272692630344
ID_OC5EEB6B892L,744.2860735963276
ID_CMWPG2PIB75R,612.4371595882122
ID_NWEI411ITDHM,664.8364258109618
ID_G49PUGN2HFAD,263.17796967012396
ID_GSNP1IEZEQBC,473.92147192994213
ID_GJUS6RREHQ81,785.1109678023746
ID_7F8MCGYBVNP9,404.088937170837
ID_0L3CDZHQMEW6,756.6577628745235
ID_WWW8P7C0BWWD,325.7925031577125
ID_K5SN27S6ODNO,792.3283329838553
ID_UFYYFX1MOUMV,389.0055699057275
ID_D0724QR6ZQQF,1345.8573456549314
ID_PMSOXFT4FYDW,7978.97910057011
ID_SO7VGCA3U32O,554.8203812392057
ID_FRF1EVPIL6HX,820.5223416454005
ID_82CBKU1NDJ0V,1207.5530662707765
ID_RX8DANVXO123,410.2331261552112
ID_ILC9A9DN5G2Z,807.5701498837864
ID_2GDKRWUIWI9Y,149.82250404164827
ID_RBQ5VAV4DJ5G,813.5658191935443
ID_UOQYVR79LGBI,543.5806186122879
ID_K6AD8QUXXR6Y,-4.347834699505133
ID_J342KZ43X2VJ,647.9652767555303
ID_XPEQ4HVRRQX3,2389.0180402312576
ID_AJUG34L464MU,717.0864446009941
ID_JF3KG0PYDKQF,1831.6150269565749
ID_L9Y3DAFA0E72,584.6055940150628
ID_E6BGEQJGO571,242.51918795336547
ID_SP088I6KHJYU,358.88447905728134
ID_044M7JJ7F7ZH,796.0623084444507
ID_FWCKHCWUI2ZA,331.4758322995221
ID_RYVNAORY2187,238.0063318977477
ID_AKABUF8B09YM,761.9272408377469
ID_S2JJQXZHA1AS,429.15189720653143
ID_4QOOOG43P1EL,1196.1491262540062
ID_X7Y0DSAFDFLN,761.9080400460492
ID_HBHBHNCY4HVH,382.9765972051703
ID_BD6WGXMV0N9M,400.5747218075988
ID_L96Q9Y8ZKZ8E,1161.7212391897103
ID_THWRW6UMVR43,341.2201552860934
ID_BORVFDCCKT0H,748.4082196440597
ID_2L25K22ZLQPZ,404.59627141540454
ID_YUL27A9GYMND,348.46422524849976
ID_8MKACM85VSCS,2675.5981516680417
ID_4060CUEUW7HI,359.9611279004641
ID_Q0SM7VK3YP8B,98.85779769860223
ID_KFDMKLKS776M,442.05957639070994
ID_JFSU9KK3JSCO,1654.9678774959202
ID_YDVQY6M9SDE1,289.40350179943636
ID_24UQHTEAU2MZ,379.4975932442275
ID_SGZSFYIOBIN2,630.7176354767863
ID_JNBPHXXIFBMH,360.66898085261516
ID_ZDH7Q9PB2ZFC,335.5737491161475
ID_Z8L5CROZXDD9,765.2608111471102
ID_BFWA63TCREXQ,302.86140982306534
ID_M3DHWRLA56N4,1403.6590982120008
ID_7QNMKE9U82HO,1222.1663027455554
ID_75A7EFD9RIO4,174.44539877313835
ID_ZGRBK42R4LAE,339.98026146629235
ID_E69IMEJ5DN9Q,409.35358750228403
ID_9GU549TH7ZK3,979.439173686782
ID_32IOWXYS1DUU,152.8617958561742
ID_055AL1ZL5ZQ3,101.07879870949927
ID_1D24WF1F56XL,202.03521331481286
ID_C8563RHWH4R1,361.77778577703253
ID_FWYXQF7RP0NA,613.5275417875783
ID_RUQF0NVO7GUP,96.00682882875579
ID_U51NJXF1ANRX,313.4773505501888
ID_52E5N2X6YPZC,407.0743745125216
ID_5605KFWD5KLI,577.3359498515073
ID_RP1T12JOZ0W5,397.6011410668913
ID_1NJF183VW7MV,89.350169880674
ID_YBW0BLUZSB09,446.63905921398435
ID_EMWY1EBQA2OW,5.131184110523607
ID_PRZUQ2CC6YQL,805.6098055911158
ID_DR9MHVZLS2J3,178.17857001112716
ID_F9Z4KJ1ATXQX,461.3355130913034
ID_1IEQS1MMJVNU,1262.3051672305164
ID_Y5OJFJ4ELKBO,1870.6823155789846
ID_OYZLWHPXC232,40.188117872103604
ID_RIJPB9ZK7QMJ,340.67863032210056
ID_5YLAHA1RPCLZ,565.516570708722
ID_7YD43YGQEHAG,143.45077296418762
ID_Z2128MPPJH3I,337.4419918780097
ID_6E9C80EV7UVB,526.7865308219807
ID_V292OF4LJFY6,467.25567097419673
ID_GZWEN5J0753A,172.76825707152634
ID_DZJI74TH27S2,586.2207380243407
ID_VB20G3017OT3,1582.1057171064717
ID_PFR5TR9NSJ44,413.321384276267
ID_CGEMGXF9GKAN,787.1090108296137
ID_UQN5YELSPFW4,603.2983803289678
ID_9KQ04PBVJQ2Z,468.1676470294984
ID_4XS5DB6R0W1W,3048.8506518970844
ID_0LIP6T5ZSM47,785.3093542830173
ID_EKT3T87PW61E,411.3129114608199
ID_8APYWALBVJJG,467.807792520802
ID_IZNAGRDXI416,501.5562553567775
ID_O8JW768V2WBT,807.7513368800065
ID_QB1EGGOG4PKU,382.7848209324829
ID_QL474TRJZ4KT,275.7750023293686
ID_JS00JMA9OC55,207.05986003281723
ID_KX93WT2WM8KI,410.73257519113605
ID_88T4KAWBOXD2,743.62081818176
ID_AYEXJ449FHYB,233.36680687593366
ID_WAMWUG0WHB97,1109.1831703660207
ID_MNSBZZRLVYAB,521.3497227080431
ID_NIO4I0V8DWYJ,98.35600171841108
ID_NIZWE5DL0ZEP,864.8156745063814
ID_9NCKQGLK3SD9,335.8327832069278
ID_5OSGLVZW9D29,777.4935898487541
ID_6XPJZR8ZCIC2,303.31916396752666
ID_IY0SP642OW24,670.9618773823345
ID_RIYH64Y97QRK,459.9767065944551
ID_XSP6B48LKWT8,396.31067085557896
ID_W753O33BW3BB,426.79850014107564
ID_RWJ0XTITY982,2116.275962489018
ID_EUEIBIX6TBO2,402.0992390397539
ID_WH5AACW8DNG9,233.7800555316773
ID_NKCHBHQGHFQJ,443.45073216890853
ID_55LF7DAPVUM9,389.69499964186065
ID_QCVF1IC80H55,355.56695437928363
ID_TTYI3X4FHRSK,594.1772290134363
ID_FAVZ1A7JE66Y,205.47473835447335
ID_K3QDY7VQTJ4Z,404.60920274573124
ID_SXVSUXY5UZAB,71.67888449376971
ID_5K5QDTT6M6RR,206.46599212780592
ID_LVWYORSZVO3S,247.2470892442567
ID_6ECLIA2352NF,153.28511898724187
ID_W9B36B5RXLXB,1804.3564499744432
ID_FBND5TKBJU4V,264.798923310102
ID_IEG1EPIW3QJE,569.4978902331434
ID_XBAKEC3FGVOI,316.4389531978573
ID_YX1YSBJPV00F,242.12479182505578
ID_CNJ0199EZ0Z5,235.08413751694016
ID_9HZRXVLF8O7Q,382.26629956977945
ID_N8DOGSGMLEEF,385.0948743034149
ID_QTT6DFO6C20M,173.21437596725292
ID_84TIYB63GU2Q,158.77828536433273
ID_I13964DD6KTD,372.7035351844163
ID_31NJ27Y0VJFL,234.97007614962226
ID_SFCM114U57TL,198.37004211433333
ID_JO7PGDO0GSL6,634.7041156347922
ID_GL342CDVL9P5,421.26214510022356
ID_89HGYIT9L72K,545.5623183628696
ID_GMN55BKSKYR7,1195.2786387378815
ID_IPCZ9G8W2MEV,727.0619446682111
ID_YTTWCTKL25FS,790.3968018907307
ID_RXK77X7AJU1K,488.6137872366473
ID_7DF2UHVO2YDW,549.4599118719034
ID_S8ILQIMNR33S,801.464620374022
ID_9CZKHNKM1I86,509.09048962583114
ID_QV0YP4S4M4EW,395.28418385819714
ID_6NW6LZZP4YSO,894.5209977288822
ID_11VV8EJUCW0H,2988.2593416511677
ID_12B9ODTQEDJP,402.4997349426234
ID_O9F0DSRI883S,342.2986137401965
ID_UGZM1YTX1O1E,422.6469863584558
ID_K9QDUU90W0VF,538.0001660626423
ID_NSYRKSMPHBU1,714.6836367879948
ID_VTPNQBR81BM9,533.8226068749075
ID_39OMID9QCOG0,389.7056644431186
ID_1PEZ9AQEX5YZ,585.0491537544568
ID_KMV01O5FI1RE,202.79749793040952
ID_D8YY9UAL3DUU,1008.9852816054313
ID_MK1LEGI0K09C,779.8459273115368
ID_SIGZ0JBXQGOV,234.07245337403987
ID_TVKRFN7WM03R,236.87187590793243
ID_0BEO9O1TBGD7,400.2219873144778
ID_0LAUIA0BNIC1,317.4353835585233
ID_J3ASN4NEHJWU,476.11583872882846
ID_E0C4Y5E20718,835.8242299810764
ID_42C9CZBA94GA,236.0058395113219
ID_YR8ZM2POXIMW,60.184153334666355
ID_CI5T4HTPFSD5,2616.5675562525034
ID_A43CG1H8ISRO,376.79434135650797
ID_3CEHUW3S0G0K,917.894490652688
ID_TXB3AVJR817F,408.0279787117168
ID_EARHOHWMJBZN,735.0855979022168
ID_3VLU0ZG4HZCJ,336.43153971588833
ID_BXY0XWQ3PB64,801.7944646933586
ID_QRR9XFG9T842,599.8124531600181
ID_EUX6TSC8JHCM,404.26219579605004
ID_QFOI09YR3VXI,421.5057711935823
ID_YV25FQOXZ8MV,0.6646312483930862
ID_7FQESEUZAD3Z,307.8895380088633
ID_CNWL7DTP3YX4,333.72861419538407
ID_T55BT4VODB0E,146.77473974402244
ID_RV1AQV8A2YO5,1079.1669545291843
ID_4LD71OA2HWJA,451.44072434186256
ID_MURY55Z0UGAN,332.9798970426328
ID_N2FMG5146H3F,203.06961001094783
ID_UTINEMLC3YZ8,364.4447776806521
ID_2YV5CPEX8PQX,1141.2034356960983
ID_G04CAJF9PJPJ,336.43283683849
ID_VQQC20SF8PFA,270.62572375861987
ID_XLERVZJLB89L,382.037590658219
ID_55VQDPWDVUJN,1200.3159683285994
ID_ZQ8CAFATMFQ4,191.5930785506719
ID_G0F3TN5NG6BH,246.16123265619717
ID_PF85WDFZ5SIC,316.3885755382865
ID_LPA096T2PA37,360.96588244634097
ID_TOJV71OD5IJA,488.5624595892788
ID_OC71Q8G1PU9X,584.2540113112998
ID_ALXWTRGLKYET,528.9679943805963
ID_L25QRS7Z1I48,643.9237402652684
ID_ZJX6UR06AOQN,157.23755867535803
ID_J18Z7G8MKNNW,862.9060951961327
ID_A1FRWN0WLOW3,536.511269882202
ID_1WMN80LOMPYX,717.7383181412245
ID_PN8SLC70UAFU,404.67673200657697
ID_Y0VLNN9FFCDB,1322.2893231939966
ID_KSNG2EHQWVN2,793.2691522839807
ID_6W3UCOWAIKFY,268.7409144409125
ID_SAMIPB6FVS35,583.3361963575948
ID_5XWLZR0M55MG,719.5023233386719
ID_XS38KEFXELD5,445.77997699894445
ID_59TDKRUHGJTU,434.4971349795855
ID_LA52IZ1MKC63,97.61697415025023
ID_HUS8E1K54UTE,685.6852314676512
ID_I13GK4NJXW16,1197.819515600851
ID_VNANLNWRQBB6,401.7827331136839
ID_S9RY48JU1EY7,584.9660605307026
ID_4STCBR16P9VP,1034.9622526504295
ID_8975M70FEDGV,1314.159092224493
ID_DUBR80BZKU6Y,285.10554161146314
ID_MAEEJ3FRNXBQ,318.8444191102207
ID_H4AAIXVXUTIW,1671.3952361936206
ID_9O8JMRL331Z1,230.4322853791342
ID_NGSCERQ2QDX4,377.8368247764916
ID_6LCF9GFNTUHP,375.78309962466534
ID_P1FUZAFI9H4Z,670.239191702604
ID_98FVLR8JYSIK,894.1939129420095
ID_21Q3Q5YNLZZX,690.1942540923696
ID_PBBKRFRQIL4M,327.134065015276
ID_XUQ4DJPJN922,379.3645110037464
ID_XN9SQO2E71Y5,310.20324344470123
ID_16EL4RBE07V4,479.5724959624766
ID_J9A3XKAY092U,456.2914668097874
ID_SI3U6TVMFSLR,1670.0416712156875
ID_MZPNEAO40UOF,621.662445022122
ID_JMOP4XUA0I7Z,401.1129835820455
ID_3K7O1OS7SC87,780.8779823718334
ID_1FKKC1Y469H8,472.3061276634528
ID_KLWMKKI8XBMZ,400.9223158315832
ID_INV1UN5XSNO4,380.45851545822984
ID_FCP0ZRWKWL2B,387.660926257795
ID_L7DSNSBA5RQQ,235.61734313622975
ID_SECEK6SG1NI8,2239.698530116516
ID_ZZH6SDGIBPVQ,780.363271404596
ID_NKCBC5AYF2O5,985.1011349715186
ID_HCUH5OSOLYNC,433.87661790390007
ID_P2YVKXAWU6J2,718.905725413031
ID_H5DAKY1IT85H,1009.1203388224199
ID_FN2NLEWDMB6D,350.81485276218297
ID_FQRTZI314E4V,1878.7058171715098
ID_605VN4QHNIDI,449.6866668192727
ID_J9MMOAJFJ2J9,389.95596021594486
ID_2N51RJM7IWTE,499.15528001023637
ID_G7LKS3J2NRV9,634.424663340961
ID_B75HPYZV9PLR,843.258880760902
ID_IJFSC215A8T5,223.37123658026493
ID_XUJ8JAS1QTG5,83.50876290499548
ID_OC29SB0GECK9,392.967938787532
ID_0ZW1XY8NZ5AA,84.14886844767892
ID_XUYVTZH1U6V5,565.3884697745405
ID_TUQ7O8VZEO8Q,1118.6839541959066
ID_XL5X7DAJMM1B,409.73455268183363
ID_6GOHOWR9UQEB,545.658651573354
ID_OSG7JPS4CTQ6,640.1534204160681
ID_TYWY3ZJA2J5I,2084.0729668325694
ID_E8R8OU0PL6KU,958.99293251219
ID_NVSZ1QLGBUT6,296.73932007222305
ID_B6DWB2FSMPKC,361.9694852515763
ID_P0UJZBSPVHUE,1290.4676426948552
ID_O9LKW41W3CE6,245.72893799699048
ID_APVY0ZAA2T96,316.8997769826253
ID_DXH0G1YZBCCY,713.5494575884326
ID_50FMQ8VLWTYD,1091.2952623699807
ID_MPXG6OFK28RA,1212.135960938156
ID_KO5Q9YHKSLDL,753.2761042143121
ID_5RN40WEWP1EL,579.2761182712777
ID_C22JIXZIZSL4,320.8406716998332
ID_9DQB1KQZBTV8,275.2223032040432
ID_CQHWUNCL5PCX,470.96939859447025
ID_J5OEXVDCNB0P,788.3497695182248
ID_RDH6HLOB2U92,324.6200679873602
ID_8TPHQ60JF6EX,414.7255135248371
ID_1PB93FWUQFQB,346.8772188970354
ID_3N976J1OGQLO,637.5556444134781
ID_7KUFT15M92QJ,474.3114947480857
ID_PCCPOOUSGB06,175.912578925815
ID_3FRDNPVY5FNP,1387.0533975822152
ID_BK9ZR4TDE7NZ,604.672136427869
ID_OUWYLUIH2R51,569.4153565125574
ID_L5ZLQMRH6KKF,589.7112998088481
ID_Q4UW4DG55OJW,623.0536157070622
ID_OYF1ASPZJQNP,504.02489622443437
ID_GZUUS62OBWF1,1292.432287183232
ID_KKZDBKDWVPID,348.79310800046164
ID_YCYMKBL2CA1K,359.46013968940326
ID_KHTP23X20T5I,357.18918907757217
ID_PVCGOZWIYCRW,791.5930218049331
ID_32NAED58MFBN,586.7068681653583
ID_N20MRZDYH6K2,873.7812234766689
ID_DBTQY3BIX7K1,325.6140332306562
ID_VXHEQJCSAEGO,352.7164644168205
ID_1UBFDMDD35E0,442.52683013337344
ID_UTQLHUO15C6P,1135.6366286100983
ID_KUQSQP4UEPNX,2777.367826685482
ID_NG1BV8SLDLT6,257.3227886127339
ID_3WE5BFF4QQ07,427.96957131672053
ID_OJCKZSAW11FT,901.3913654719611
ID_01FMRJ8CZ1B9,275.94651023352554
ID_UFCY75JEV9LT,349.00374265644894
ID_2EZWQR6H2KMD,795.853097464927
ID_VDBLFDMIL8NG,767.687934529013
ID_AT56XBOIGQNE,1107.2466794990619
ID_AXZDBVR3IUR6,308.7956139845011
ID_2TXCT78Y3PKC,315.1898082997552
ID_VR4Q2KY91Y7I,381.02867151109007
ID_EQO0B00UOJ18,381.5914106293652
ID_80IN0NOG3IGG,303.84370608935245
ID_52G244TD18XX,469.62289632486664
ID_VU2RGX6FV7SG,579.4533002815477
ID_L5TFK1K76NVV,316.7803426343552
ID_9CP641SBWCAY,99.63484372918836
ID_GCL2HBCVD3GT,550.2782202911076
ID_9TSTSM29ITZV,1460.6431715912108
ID_L9B0F5XY5C0Q,827.6638519766227
ID_CB1C6HBQXD06,456.3346982425079
ID_HKJ98YOILTWN,1619.0546725098386
ID_5TPFAMIJT35T,709.0490335503441
ID_17C2BIFXGXAB,381.87008695951585
ID_ZY0FDD05Q344,199.72650937498713
ID_XXKL2UKB6T7P,1225.3403039423038
ID_RMQ5T81PW81J,591.8506932533162
ID_I1KFYFIUMBBQ,456.9148360642195
ID_1C1WGJ4TLP0X,244.08046435862116
ID_E5OL8AHYNIRQ,500.7620509108293
ID_XKJ6NPCU23KQ,395.2143927105431
ID_H2LK19RTKLBN,304.21876088721507
ID_8SXD7K2XR4Y2,300.270637630526
ID_R6PS7QO3TIP3,797.0335815148759
ID_7Z26WTZTG1EE,242.36557513867442
ID_NVW1KES21JE6,604.2759118621241
ID_KZQ5Q7QITN1J,590.1973597864028
ID_0GK554F5HSPQ,2779.9716442661106
ID_CA5E6O3YBPYR,271.16845734794725
ID_NTRTGR2IP7JQ,682.0085120283896
ID_062VNY633NVW,645.4259968570382
ID_465NN80WHNMI,351.5402101396026
ID_T52DNN3DYVA2,331.2794311946579
ID_CM0W1BO8Z7YV,532.3686995125681
ID_YV087R41HIW6,551.0113352342564
ID_VT6TAOGORN0T,1206.3439857453163
ID_030L0XB0GEPB,228.09117301266247
ID_YECW50OR7NEH,301.9523838434851
ID_5W7NWNYH7DA2,240.00173383695633
ID_I2AKJ4TGA3JS,401.72869611861165
ID_LMSXY4W2OCHC,579.3759609377365
ID_W1EWJ1KHVFWL,714.1128474802226
ID_3ABZTY079K5J,1973.656725385003
ID_4PEE9P8ISN4T,1205.8120578314372
ID_DZD2PTXBQ36C,124.35028301290266
ID_VRDCKGL60J4S,1625.1496219835033
ID_W300Q133BITD,151.74650101925465
ID_BGPCJWWGLRAD,1412.705075594966
ID_2VD5AHGUA8FZ,204.71428152931375
ID_N2YHCFW8BCW1,292.88252846607423
ID_KD26RV3Q4Z8G,403.5524976755194
ID_B4L9RE7NMY7S,822.4406523617349
ID_BN9X6GP81HB7,71.9832682782852
ID_Y6GNK64VJEAR,393.56973697211845
ID_PE586K2WC823,24.880481861100996
ID_WL15S18OVHW9,1174.6732395355398
ID_5R6L97XFBM4P,675.1278394024264
ID_55YCU1CHAZYU,1562.5382258334294
ID_WNGH3FP6KNWH,790.6147219901524
ID_9JR09YWTJIPX,783.2269591437283
ID_870NP4IDB2WF,350.2550976469851
ID_X6ZCELIES4N3,727.5924910111055
ID_S0Z4WELW3RKE,758.5625165869184
ID_I1M86V2XW3NU,638.2882799424274
ID_PR25E8LGMX5C,366.682283877144
ID_5RGXU5KZER2O,793.5565672721615
ID_N3OWXZ0A4PQ2,656.945256025155
ID_BUYPSV8J9VX4,882.4679275828228
ID_ZLJBGWFNKT3F,398.8353482387041
ID_E3U792EGWSOZ,100.53204974513109
ID_KQE4T2DIGF73,319.09497752535736
ID_FIOW6R8A6TD9,2146.377845571036
ID_6NHV395NXUMO,808.7692557650752
ID_DLLQTLGA5BZ7,170.3343863108121
ID_12090DS3ONFO,316.5897203904663
ID_84WRYZXSNB5W,314.32473294832954
ID_5IHINMMQ33HN,809.013781125488
ID_Q3TSBO3V5MV0,694.2501618392196
ID_ADC7FBDIRB67,336.3664610873588
ID_YFVLB2MLINSA,832.7424241656303
ID_0M2B2IU08JHG,539.6574928059526
ID_V9K16K3JJ64W,129.79846008382228
ID_T0APDRNZ2PUP,900.9530828167274
ID_UD6Y4DW52N30,366.4920772140893
ID_CPN4N1LLQUYZ,252.42386031496542
ID_NBZ50NSHWKX4,392.8052550150958
ID_JOBTZIGNUJYW,122.7101838647197
ID_QIXJYAUTNLGR,568.0384653883225
ID_AX9K1UFBM90G,140.33740335696245
ID_FDDURNIJQYRF,400.2059527264873
ID_LVNQ4RR7Z5M9,607.6871004910992
ID_UYQMXTUWGEX3,366.8672149555822
ID_GXYT79NRDUCC,316.800668631452
ID_9GC9RL0156TI,361.0741737850039
ID_65R1QHRZPXV4,204.7302882220732
ID_61D172EINVHM,307.22095622926855
ID_YTRIQ7CPL06G,201.6647010740857
ID_SWBH0D832EJH,593.5454860552704
ID_JI6G3OYFQJKY,454.69538151181484
ID_D2P1PLCDCW6C,845.2481967267702
ID_4HZATY2UQP7J,738.9683830809641
ID_I13HAXROQ8ZI,340.72367510557814
ID_EBWZ4DITBMRT,791.6016486348601
ID_46V1XAD0HNM4,220.54405280357304
ID_7F0Y5BH75MA1,198.07986795028992
ID_8KDNAENIPD6O,235.61249260012661
ID_31557CM50TT0,82.6451461239582
ID_1H73ZV2DGAJS,616.4297357845128
ID_MQBQ7Y3DAME9,587.0878997416017
ID_FABZ5F40A430,956.0338929978183
ID_ARH65MSJKMXQ,355.6725469006643
ID_NZAYF5EC84XF,794.0456428699702
ID_8KTFQU943U8U,585.5180534570676
ID_HOOPMK98RDVW,514.5773257716315
ID_6NKRHFXDAL2W,181.79944678489326
ID_3Y0E2QZSY8BE,364.1743561444012
ID_7RBTQWOKF593,243.47574587831022
ID_G32EHA5H8KCH,84.42243874629266
ID_FP8GAONCAYON,229.06483004780375
ID_Q1YRG5JLSL51,596.0798951299383
ID_LUEHBMKN3WSS,367.4072911374683
ID_8CR2PDGM6RTS,766.4053977763879
ID_UISG39MBLWG7,407.5285746513072
ID_ZFX52PINM9TI,237.6830112021868
ID_AV8EYUEUUBVA,201.40579173087852
ID_LDK0UP6ZOTQS,766.6172766011489
ID_Y71AZZAYF00N,353.58784424205675
ID_IAA19P3EN9DF,311.4415549486666
ID_M8ZJ8397H56M,776.3288711890832
ID_2LVL6QWBY48W,716.163533089079
ID_66A871THV43V,617.176393261622
ID_K9CFTOS3JA2N,317.7534509601834
ID_SN7U1P14V2N3,404.0934302601073
ID_68RW49FF7NF2,428.6471194316433
ID_1BYE6Z8W58NR,384.0761886055652
ID_DGIYN4VXFWW3,324.4471580064672
ID_I13X0T9TWG4N,777.9443619062253
ID_7HE2NP9ZDI7E,512.1842650618031
ID_PKX1BWJLKKF1,419.19071188512817
ID_FGCBRPH417HI,194.5241669334065
ID_XZHCQ2UL7EQB,737.6416240172979
ID_3F60G7BTKL3E,372.3723240877249
ID_X8UKDAZNQLE5,148.46437031665627
ID_WF21DZJQ0MEZ,419.37867829581114
ID_2JORBK01S76Z,322.54744605558113
ID_N40FQ79VCRBZ,246.65490088886034
ID_GTLFKV861ATM,420.02354319057264
ID_27Y0YW3K0RMP,401.94917241071465
ID_WV5M56G6J46P,322.9673059787785
ID_2A6AX6F5M2R3,255.1819416238064
ID_O1WA343Z0Y3Q,389.126426897578
ID_5RO8TLZHVZ4U,302.65505187148045
ID_WNL0HEE8FNAX,795.0622390296438
ID_KRAHFXWUE34U,589.4483148371544
ID_B0BZ87T7Z4G1,476.6487664993405
ID_EF8RZ2A57MOF,317.8708773933029
ID_CKZAYHVYDNOH,317.1033223604081
ID_24T2915PUUBL,499.92055698994955
ID_9N44D14F4Z9S,1421.940366430925
ID_4QI2PK16L4W8,304.26462300248
ID_5GSE1ZV2KZ36,411.16625641678155
ID_30MYYJ3CGU71,187.67693814537486
ID_R0ZZ2K2C4IFQ,306.4275900520345
ID_SRSO7ZIVRHMS,473.19361378432666
ID_ADMXQ913LY99,327.5683091780665
ID_PS7YQR14G3Y3,780.7107683561912
ID_MZEO9V8999MJ,2109.008116474802
ID_LUGALDGQDU2C,343.09033697868205
ID_6E0LFWNRDDBC,493.70389038971274
ID_BH392O5O9YIJ,354.0437652749506
ID_VP4R17PGR7PT,1203.0583441270799
ID_Z584MTBFZM57,162.35379461743966
ID_FMP63TJMIYD2,230.22365662090107
ID_0VVXHZNBFV7K,650.432140251475
ID_R3G02LS8GNA9,426.18670543967505
ID_Y3HXNR6C9VPN,431.44668051622017
ID_P2EI5WTDARVB,489.54064883404374
ID_J81U1U9GRXMM,320.29106415111016
ID_RUJ2JWO1H36Q,554.2763446882389
ID_D7KZIKGDA5TC,381.67400932108353
ID_IXZVPO7I6GFT,449.4764244648007
ID_DYEIPGE8LAWB,1779.8019723367495
ID_YFXPGWLIF1JG,636.8284671382723
ID_M06RJHKBWY49,385.0239952079629
ID_9AQXDJAJZEKV,486.18652934656836
ID_W8K9BX9LC95X,865.0919042820213
ID_QI5ZUDAWIO6B,534.1810911567497
ID_UAUMCZMYYG50,779.8403553630383
ID_MB0FWEMQZIS3,453.5369051104739
ID_I3VLDTUXI8OU,742.0376567711593
ID_FL43EATDHM0N,406.97689170250624
ID_F8IKOUJWBLAS,391.67977193048995
ID_MY6O19NPIVK6,1464.1507526490586
ID_XIRL5AT0PRFF,423.84059763589903
ID_V770RBDE6Q4Y,653.2946803089609
ID_0PZHH6TLV3CA,272.50319783365643
ID_VWY9TZXSBA2I,403.78853969854305
ID_0IMHIJVZNH4F,402.4855461755847
ID_J9R0XLLUEYV5,602.43686070307
ID_SXO3TLUQS06B,474.6618563168622
ID_IIFWSOZJ87T8,259.15157817756364
ID_003IQ6P16IU6,594.2544201770995
ID_8A4XDDFF9KES,617.4475457836708
ID_ZADQ4EOPXZ5X,604.8984675342651
ID_T3BJIT95VAK6,1085.5999374436572
ID_9JBVPAY5SWE5,215.70004233285312
ID_H69MYTOAOWGW,2538.060983712025
ID_KX131MVNIQYK,170.0503536904344
ID_9TBIA2TY51SN,372.26266823811994
ID_LSJ9Z973V7HY,320.74468070025347
ID_1V7154B52Q1R,777.9690789593226
ID_61T1B66LGY96,892.8713729078644
ID_6OMUQ7RGG9PB,247.94410682512887
ID_UOP0YIGOD0C9,833.7009456514274
ID_FUEPC3I8AGM6,242.1535279186332
ID_9DZ2XHHCILE0,285.08149754498686
ID_K31RQKN5YZGQ,134.84000000853666
ID_5ONQKXWCPAYW,351.2802079866123
ID_WTFWWIHRP8QJ,146.03609762250403
ID_1DB4QAC6FY9E,149.92059149659957
ID_JTN33DQWNP8S,320.2931207277095
ID_URGC9CNXA7X5,371.94269078847145
ID_TLCVMIUVHIDA,691.212957578226
ID_TUK3UTUY685M,322.4458787986982
ID_C3CXY15NEROI,682.1471608655461
ID_HLKXLS0FWIO3,340.93796866620147
ID_3KYOCLW494ZU,559.0268842394418
ID_ANAMG2154VTI,1219.3955041498423
ID_RZYTYJZGW8V1,391.6908280754598
ID_U0TE2JB46YOT,1552.06084667522
ID_033YEZI2YTMN,352.15162812984624
ID_M5MUL0OYJ521,306.57994996880257
ID_GLNNBNCO2ZJT,331.8788355114917
ID_5D0G39C74311,123.24043042367069
ID_76NPV6TK8935,596.6155715892857
ID_ZBDU7B15DZ06,637.423199562254
ID_7ZY916L3IR3J,541.7831712796298
ID_NT49YSFTD1RL,200.75114352411978
ID_JO5LMUSPDOE5,550.5363788491975
ID_20WSYTHON01Q,162.0665923095719
ID_29VL60799V4G,637.1837389865508
ID_LWOVH2BGMAXM,762.4911042326901
ID_U40UK9R0U769,843.131832082731
ID_GLMWDVQ0ZBSS,493.2373473640027
ID_H9WPOE6GENMJ,395.0681842698135
ID_D777FHIP8F1R,782.5341440684153
ID_UE7JO485SVK6,103.1670550928231
ID_KMUR984JCI6C,234.1034624667015
ID_5UB63IBXG3O1,533.7371539538568
ID_IP1S04YTUGT1,1179.399922251451
ID_UJAKLBHMJ3YD,675.553250266184
ID_W4V2VRY6V3ZG,331.9926754070708
ID_UPWIMZ9NKMFX,633.368273488583
ID_TVYVXPBGSFUC,227.36687473213078
ID_8WEKEFRVWLHJ,587.9364352391632
ID_9RLCRH7Q0PXK,319.53214691585833
ID_02G01CVY8X2H,290.12519790841304
ID_KE5BLNSCOGKB,836.9283977027462
ID_9JNMULI0HP0P,1213.1272522450652
ID_B8OSQ43TMBSR,626.5531094726525
ID_PZWWJKYN923K,769.0100987062766
ID_834BS53CZ6LC,424.8327413964835
ID_5BMWFG250JV4,502.7360859210321
ID_LM22RNI83BJM,566.1568886542698
ID_JQS59EY819HO,235.04705605011387
ID_E43X5ED6NLU1,403.16052444090377
ID_8UZSHKU5UT2V,888.404261547542
ID_DJ50AHYEIPZ0,746.0319550099713
ID_R4NIIOESVN7T,1144.334495289464
ID_YKL207W57L0U,224.73744633680246
ID_12P6RU298F9N,348.62522817362935
ID_IZ6WTP5Z17WN,647.3221286644447
ID_NZMFMBIC4FNF,241.60479729827367
ID_JLTDB0VTB0E7,207.7877411516554
ID_17SQTC2HLKAE,401.7652790872057
ID_I1X7CIDBKXZQ,235.06151439815156
ID_PSSACU4V0O6O,601.1445356909785
ID_V4HUIJ6F76SW,358.43360666077666
ID_8COHYHKML3JP,1135.2714775748166
ID_JN4AX2B2C50G,101.51491124100806
ID_TMJ0OO9Q2WOJ,1814.8288274493425
ID_C95LNL1M8H2N,694.241778482598
ID_RVPLXJ5UWB6O,250.2119119369167
ID_TV9CCKV6IGN5,1599.1902940453
ID_K19V3I8YE12K,332.973399676061
ID_KGXUKFH4Y7YO,548.1821672539284
ID_WJSH3NU9GIQB,-2.8529704279491686
ID_EQZ7H1WA78OS,240.80453300278688
ID_1MKAKRVW5T92,162.37733887715706
ID_PZFWOHDEYNGN,587.2018953074603
ID_725LTZ95U1E1,808.016225581407
ID_THK0MEQMKDUT,1633.306379588194
ID_RTQ01NMMKXYA,621.0495820424479
ID_8B19FL2AJ194,183.62612221197077
ID_D6RNJ17OIWWY,831.6010508562357
ID_HUGK2Y59U7KJ,734.8794944902683
ID_KWIMK8AMZF5A,657.0610643195166
ID_UURMSVZDKKSF,812.181398521294
ID_2R9G9PQSADOM,320.27595923335133
ID_BI9UDH99U450,252.31425501749356
ID_7ODW5MXTDNCG,741.3372264005654
ID_HWJ9WKS3IB5J,402.15436933708673
ID_JGO7PWMYOMUB,584.0745239429302
ID_MCQSOIZ5BXGC,129.57918928974183
ID_J0X3K8DOSPYN,484.3803792332697
ID_VGQJ4WYJJBAT,376.1262929294911
ID_FHRVJDWVEWZK,652.4307403863729
ID_YFDZZ7FAT8H7,672.3984125144414
ID_ZW6ZATUAC5CC,485.7827734597245
ID_W0BWKL5E7PYH,1108.3329250933712
ID_9DJGFL3PX533,548.7125107949604
ID_NYXDVDMQO20V,771.2960635223797
ID_J9R96PPZPO32,832.7060039561813
ID_03SHDKQD95XF,183.19893602057175
ID_9UYFG0NC9QTM,740.0060088106477
ID_PR26C0RSQ89H,587.6210355400573
ID_KOOC7HGDZA0H,781.3454246622629
ID_218WMH65G8WU,676.0515094810381
ID_PRAU2EMQM87U,436.0459769629697
ID_D6ZOJRHT0A7H,418.7630875014838
ID_CITJ0RJ9ZAOC,864.9022828426862
ID_TP5RXW7QXP2O,2591.417314584345
ID_AZNDXJTYSGDF,305.0559295813135
ID_78WJNL0RRA6U,687.0316713182668
ID_TM6VWF7REIS6,1741.3009389549436
ID_X3TVNO4XNHN5,780.5683342128937
ID_3TDSR1D7HQ8T,641.2157317780101
ID_82ZSQZQGLY1Y,417.19111752885686
ID_8OKP01595X94,264.2002376880686
ID_2OKINRRT0XL1,2149.7648449514904
ID_DA98EJU0NT76,585.7057808817636
ID_V17R17KYCDG3,587.2954794917724
ID_OM42UEJQR618,258.7061097856696
ID_646D2KBLNLC2,232.151934429508
ID_9RU7QWS0WIDP,791.6176864255766
ID_PFFCHUW5O67L,545.5472751926847
ID_ZSV9TC0UW5CK,384.53238794097393
ID_MSYLCULH22KD,529.0437066214618
ID_6ZA9ROTCTCTY,498.13230522002533
ID_L0J7MCL12NR4,332.3443653114156
ID_SCDUXWEDL6C6,760.4154128747838
ID_7QHVYN5YJYAP,179.74363146638976
ID_AUT5E4W1IF34,1273.6312482972914
ID_7JO0TQWT9W8K,407.1136169568412
ID_3UUBOUNG1CH8,212.7911132517414
ID_4Z5JFK9VF762,229.68489166197
ID_3Z9LB1PGHP96,759.8584748876732
ID_D0X7IDGN74GR,344.6523890619005
ID_BBY6G4GET31C,1454.5531497922543
ID_PT5LBK4XRS89,556.2160081718472
ID_Z6A67N4N3KEJ,-0.735049651301262
ID_Y6D7U7R1ULMA,307.1256109232447
ID_WQOUU960NDO4,154.02547715318235
ID_XC7PSRE6WWFP,308.09251751098645
ID_VF7NABSVT35U,602.3660677597483
ID_25MZL6HIS26M,1267.5749910829209
ID_D86BC6U7FA2J,592.8024121674069
ID_F4KMTFROJWL2,433.94706076488467
ID_QK4YHF5UETBQ,283.4893289409744
ID_XPAHSEI49TYN,1067.2492122295494
ID_69F6K475WX7V,153.52992047906187
ID_9WS9F7Z1CE3M,329.705790709383
ID_XJC8VVXC9TBX,500.55449140427606
ID_CD5QDTLLZUPT,243.33757283412336
ID_O80J4RH6LVDS,1113.2500776393151
ID_KWSKN3HTLPK2,158.62683515863776
ID_5SKHT6NDFHJR,116.55421766028535
ID_KPQYKBZGK6Q4,388.89033511028185
ID_866ACQHJ1632,285.7426526389211
ID_WX844ME5IT0M,26.20395684830591
ID_AWNJ1KEP1QK1,1116.1155111010214
ID_16ZJ7XNWB9ES,919.6359544709456
ID_2NKYXQYFQQRX,359.13905093959613
ID_DDQYDSPF4BXY,651.763235320341
ID_1KBQ8Z8QZOL3,397.6469504429293
ID_GJO67I9XF6AK,534.3913957739718
ID_PCOF5INSVXM2,407.94267996360725
ID_W5GMROHJ01RZ,200.66345251769033
ID_WD6GCHMOFFZK,313.53098948743656
ID_GF3NQ1FP4MXO,1246.3057478690537
ID_FBQI3IPLIAAZ,286.4812886726127
ID_BKRCXGDJI2ZU,409.3221333335036
ID_WC5O6CA49JCT,300.76111578949786
ID_TC771F4NXFD3,601.8203317551026
ID_HQAI0KUSI7FX,794.6277891985039
ID_E22MKA5X1C38,359.21052766858537
ID_P4TXP8UNLQ5F,2.396398601389385
ID_7VFK2TR4EHCU,460.04534817675994
ID_XIMWJDO2J9S2,97.56914634833278
ID_1SFZQ86IVMCZ,1080.8424969528633
ID_XNSVNT862EIR,1183.2528805949812
ID_KEULJBL0QMMA,406.7436750141584
ID_GEAJ29CHENIM,390.8660795831297
ID_XDHNQQ1BMP4K,375.8305875292263
ID_ZG8Y74HTDSKI,73.86631392954702
ID_VUYOGM0KIABM,1220.8012641068196
ID_U4XH4UTLQ5EO,332.39626596756375
ID_M1TT1PZJYQX3,396.0954356951928
ID_DO1SCI0NAS39,653.0643162572942
ID_PP2CV6NRSO3K,232.07405543593305
ID_6F4A688829M0,1219.892861249962
ID_67C7XJW5Z9AP,410.8880709781585
ID_G9GXUSA0IV0D,245.8837074710434
ID_0G0WQUKBXG47,401.76629346642824
ID_6EWF22XJX21H,872.6130213662142
ID_UIL7S6F6IKE8,401.26165617575424
ID_O55OOUDQOKBE,1729.534030042297
ID_OKZW0FT04KAU,52.982346036984524
ID_5QCE458KP8MH,411.52089527416683
ID_K1MX59GNDLA3,1103.8009605626098
ID_XEAANBI4M6MP,786.7998460525175
ID_7K7V374NL5QU,222.82789240435864
ID_Q73O4J7PYNLD,1196.4912273686539
ID_8X79S7L9FWUS,419.88126602878964
ID_M97TRZBEVI0V,250.87655096734593
ID_U9TU5QRVSIKV,488.08834894044026
ID_PQPZ0AVV5HTH,786.2733728388241
ID_1L6LU32N1HFC,198.3038824456085
ID_UBZ21YSSVE0A,560.24940064888
ID_TFXFZIX00RA7,1309.051945222508
ID_32CMCT5XS364,368.53540891360336
ID_E95XC4DYH26Y,12.243654044315441
ID_S8ENYM45UWSC,2151.7688293180126
ID_PU514SH6TUVR,162.8433184487692
ID_RVEWUGCXQCNS,433.8887143370377
ID_BG6I25RU4JV3,491.8518876696154
ID_RNDBVA4NU0LW,370.6464910702235
ID_H1GVVG7EF7WE,356.12081233719755
ID_4VG5G0IN38WK,124.31953364979218
ID_LI1DHO8DO7WH,220.8384427852787
ID_K9IUCGCTABHD,507.48234828092654
ID_COWCI2PI2LF9,97.5226749920398
ID_0QE8PUWQKHFZ,696.616240856617
ID_MT3EUT7AX265,354.5416665454393
ID_T69R1A784TNY,1370.4197164821253
ID_N4FRZ8SPSN61,266.91793936909954
ID_DFIMHTLXA82W,733.9242551128233
ID_BI4VNVU7JAXF,1636.851057410432
ID_6C9EUI1CKTQY,1240.1737410633084
ID_V7R0PZU27LD7,415.07121669446553
ID_NXHSZUCHTMO8,1079.2682238467758
ID_PSSPKF9A2USI,749.6041508430175
ID_M9XZ0NNGCXJE,318.1448068241371
ID_3BJCEQIRMQTP,478.70127444238665
ID_EWS2TOD7IJZI,1272.541077365781
ID_4N61JMVTUKQ5,225.22048346939752
ID_B5NBU4COPYXW,419.12455642085945
ID_ZS7CIFJ5G37Q,1699.268875552841
ID_X4E6NMBKJLQT,74.14651728842145
ID_1OH68E5CL3NC,898.6496898046965
ID_DNSUBE5MRZR8,1134.3437384488689
ID_GHVXO83MCL6I,853.6720276542037
ID_CQ0FBB1L5EY3,382.2326271439771
ID_9PEPYSUTV8XP,552.3041193716476
ID_CH40371WNU45,312.28946914698076
ID_KREBTUJY9PUQ,397.04069132804085
ID_AH2DHFW5Y7VZ,596.9742032954357
ID_O2YSLD8B37UI,427.73658302341937
ID_CGJLQRDMQGPI,408.67124926714996
ID_ZIH4810LD2X4,391.2294917977739
ID_1GUQ67PJHO6G,201.03114866290696
ID_YO7NKY9DFON2,1642.746224663835
ID_H8DG3XXT4R3S,400.4330901211085
ID_FD43UJOLYMFB,328.63661030358577
ID_BQ8JTW0GEMB4,534.1775741904282
ID_RA7TSCPF1HBL,483.6254676059689
ID_HMSUJ88077KV,274.5761723783823
ID_2K6CE567GZ7D,402.69537978483635
ID_J0UYQQWYJDJ3,680.7280737782514
ID_42YO171TPVHZ,864.1897764500984
ID_KMFDQQYDBS4X,485.32384297986073
ID_EKKF7GLOX3SD,309.29850988273165
ID_NA6TYX9PY21I,549.4230656527873
ID_PA459A9AES6D,1701.1616488322725
ID_ZHJ35MUIKDGT,635.2537900405639
ID_2KS148FT28VY,908.7449095575626
ID_ZP3Y1EOLD1XT,333.18043256184137
ID_M202WZ18JHLM,649.3530750481052
ID_O3CUG423MY9H,3030.6027701879902
ID_JK4O5BTLDHTX,330.86702929456334
ID_69E0GNTDT1LF,3484.564441706131
ID_RN3RLK50ETXN,482.15853515721017
ID_PJ3QBFDFCBUV,260.87850514224255
ID_WRU2ZQEZZA2A,1351.1628789506299
ID_261VC80CL904,299.20066040459477
ID_3PR5200O44QG,1460.2687596542858
ID_V315713I7M9M,475.3458275880745
ID_WCBVJ74XU15K,490.1994994999999
ID_ZXT4WUZLCMVH,396.50711087922247
ID_GDU9BX84VUVE,1993.0124771136568
ID_5JB3YMBM4T6O,356.2487410986597
ID_KBAPVR46VC22,828.6629873846956
ID_4IXICKTIPPLU,987.8762055792071
ID_AM94QK241VPE,1847.3412835704542
ID_W12HOWGGSMS8,151.37358556043006
ID_Q1G32KADTS51,285.1227072083828
ID_V3JIA4P4668B,795.3292834934293
ID_Y86K83ZPC3T4,405.6789386747364
ID_K6M588093ONJ,418.57637719725926
ID_8QKXNKEAI8U8,65.66079865920715
ID_X7PUGW9NI1FI,304.78852055668193
ID_VTIQSDY0X1FD,406.79617140302213
ID_4VC1K7FA4J17,236.364184167679
ID_3GCDF7RV12BF,595.2831407437118
ID_PSLVQKNWEZ0N,383.1975316102523
ID_IGCX54TFOFX9,344.13415520708963
ID_1SZ0EPKMQJ3L,383.74005530535567
ID_RRLAI5EB891O,1426.2716527655912
ID_ATRY9VIAPNBP,407.231274884017
ID_5LIP4CV5CHJ0,466.26754619073154
ID_ONHO680NIUHR,501.1675774288277
ID_VTRB9ZYY4VI0,657.9175393895107
ID_JAE3UP8KOYFO,285.5806406026007
ID_I02Z7U56HMOO,618.7371240812602
ID_RFXD3G5UO06W,1716.7856055133843
ID_1SQXKIK51IGW,219.36701921381163
ID_T5UXJ5RC7PUZ,649.9675292812118
ID_JM7G4MGZXPA4,536.6999541969742
ID_6FF2BX4HPOG7,316.2280528613211
ID_8UTWWHXEL9R5,840.5537795617663
ID_3YJH7Z2OWJED,678.3801563452914
ID_4BVYTNKO9YLK,1326.6213954062325
ID_KNDRB17VJJHN,198.35986039113655
ID_PL3IRYM11FGQ,975.669964751851
ID_33QXHWS7FFUE,830.048471099109
ID_2J04B9UGSZMQ,845.0994029569715
ID_ZJV6QMH0E1S2,768.9523734051148
ID_3SY7ARGY3QVX,2562.831120040526
ID_KIAVLFCA0QAB,163.15856781968802
ID_Q4EJVPZEZXGI,550.411014575754
ID_65605390LAS9,1313.2740238544504
ID_Y104K9OC8UGE,684.5234588230883
ID_3K6WOEPF2FP8,843.8005152678047
ID_LS72BPM71SR7,432.0384165056436
ID_Y7TIOX2MBVN1,237.2711746859766
ID_JM80BY34TODO,338.01563719808325
ID_2WAZFPTIJ1OA,343.49391518394117
ID_T9YY5C8C1CBO,398.65263000022657
ID_UPRSY14003PO,307.5967571781961
ID_7XOLQOXF8MQB,360.50609323160705
ID_I32E35Q5PL6J,668.9712186227117
ID_22FO3O040DBN,541.3857480944947
ID_2UXKSAJOCCUC,381.85697353670105
ID_5GUT0JCPY47C,527.7276437532162
ID_LID7SSDMXCW6,106.06648001809678
ID_WCWCOJH95NFM,199.3528066786707
ID_4DWQ8EGOZF76,443.7543471352641
ID_SJE53PFBNDY4,560.3955492397104
ID_MUP7H5EUQUYW,763.9910106536792
ID_2G8S8FICGX1F,890.2755520245502
ID_T6X2E4LGICKT,235.91099198986308
ID_2NBITHH2CMR2,394.64943671476846
ID_IXO2IO18FTPN,783.2662427293432
ID_35RBHZZG2K9S,487.4401938737606
ID_5X3KT9OXDOCL,1004.8630053058473
ID_EXX5T31QH9U4,575.049807344848
ID_LSZRIL56T47Z,773.2181589444523
ID_5ALLBTPE63BZ,405.9640754617985
ID_ZRT3VO9XJTOJ,401.3096645668504
ID_IVZNV00VK1WF,127.73036178202862
ID_STJDVR9FV5ZK,954.675805874556
ID_MUL2I0PV3WXF,619.5511487267661
ID_350HG62PKSV9,219.94029012293547
ID_CFU1OS0WRIF1,431.5844028535456
ID_E2X9RKRER7VN,416.1958358250975
ID_FAXPVHA3GBDX,996.4629318608704
ID_U20QSSM0WQCL,374.1889490708081
ID_8STN6IQK6GRH,1.1267352789881317
ID_RRV0JV74KLEG,496.3741641575744
ID_SV90TJDKZDBO,1868.632863106101
ID_VG3DNKAC70DB,356.7301223235365
ID_N6VEVLWM0JUZ,812.303976003681
ID_R6EAOP7SKH4P,992.3428348024852
ID_WY1E27L1SF3F,674.3209484047305
ID_S6Y3EIMQPINY,398.2031646571999
ID_C6FGW58XYOOC,100.37744511135568
ID_66ZQIE06VO23,668.8996138019852
ID_OQGZLQDASMAM,150.5606135119351
ID_O0VXS8F7E71M,234.42443734876144
ID_RYWO2W04NGOQ,748.416398655257
ID_UQJV4MFOR1M5,399.5503795737572
ID_4RF26BVNXYCE,1572.141118042192
ID_97BLKV6Q0HEL,2424.3808146053975
ID_UBBEFJS5I0QH,161.44429826516244
ID_1O85NFRVJWEG,574.4008268374398
ID_IMHZWDBK0ADL,257.2237328929074
ID_YP71ZG5HZP4L,594.4168129786739
ID_EQYXNVKPIZ8S,351.34837868685344
ID_IUMZ7HN2JIIN,528.5470780590755
ID_TEYADZ461KBT,837.3691550184004
ID_WBKUDZP701N9,591.8894247135219
ID_QREVEZ4H807A,169.59929892568263
ID_1FI6VLAJHF5I,1472.9227558053274
ID_AGYQKZWO32LL,601.8654524003941
ID_2AWB54BA84ZT,391.25644774288804
ID_HT3K0J78M9RG,682.7610187429659
ID_1Y0O3Y0QYTJS,536.1014701708756
ID_ZKH62QGNMI1V,89.23376498010322
ID_BJVKX6P2LOVK,689.9181905973836
ID_RJG2AH2AUIN8,286.056596562005
ID_C1YRVYTDHBCI,328.7362908702143
ID_1TJKPVFP9B3X,268.69642022916776
ID_ENTHBKNB4R99,580.8641941426653
ID_TY66I8PV70BN,125.06911986871582
ID_6MMECMX3B728,1186.1864383576865
ID_GZ9YGWCLLMKN,434.85624146731783
ID_01YVA2LJVYBR,209.31923758188782
ID_YQRL2IOUU4SZ,381.4927180631807
ID_VAX2N8ELPEZE,352.1823367704901
